Round,Generator,Util
1,cfr,81.4257
1,coop,103.964
1,coopp,100.222
1,bullyp,108.998
1,bullied,59.1475
1,maxmin,14.1677
2,cfr,81.64
2,coop,106.103
2,coopp,103.325
2,bullyp,115.166
2,bullied,60.8504
2,maxmin,14.1837
3,cfr,82.4587
3,coop,109.245
3,coopp,107.192
3,bullyp,122.816
3,bullied,62.1784
3,maxmin,14.2615
4,cfr,82.7951
4,coop,113.582
4,coopp,111.509
4,bullyp,138.926
4,bullied,63.8993
4,maxmin,14.3946
5,cfr,86.3596
5,coop,117.828
5,coopp,115.762
5,bullyp,155.337
5,bullied,65.4104
5,maxmin,14.4641
6,cfr,90.4778
6,coop,121.506
6,coopp,119.056
6,bullyp,167.504
6,bullied,66.6068
6,maxmin,14.4927
7,cfr,92.1961
7,coop,123.878
7,coopp,120.91
7,bullyp,174.213
7,bullied,67.6507
7,maxmin,14.546
8,cfr,93.9317
8,coop,125.152
8,coopp,121.759
8,bullyp,179.077
8,bullied,68.7306
8,maxmin,14.5869
9,cfr,94.5614
9,coop,125.696
9,coopp,122.279
9,bullyp,182.059
9,bullied,69.7496
9,maxmin,14.6487
10,cfr,94.7834
10,coop,125.71
10,coopp,122.349
10,bullyp,184.694
10,bullied,70.7946
10,maxmin,14.7721
11,cfr,93.7115
11,coop,125.56
11,coopp,122.468
11,bullyp,185.984
11,bullied,71.8133
11,maxmin,14.913
12,cfr,93.1778
12,coop,125.206
12,coopp,122.57
12,bullyp,187.352
12,bullied,72.8427
12,maxmin,15.0014
13,cfr,91.9468
13,coop,125.15
13,coopp,122.727
13,bullyp,187.972
13,bullied,73.8443
13,maxmin,15.0723
14,cfr,91.2099
14,coop,124.966
14,coopp,122.467
14,bullyp,188.484
14,bullied,74.7661
14,maxmin,15.1586
15,cfr,90.2762
15,coop,124.942
15,coopp,122.27
15,bullyp,188.905
15,bullied,75.5701
15,maxmin,15.2644
16,cfr,90.1022
16,coop,124.653
16,coopp,121.686
16,bullyp,189.395
16,bullied,76.3262
16,maxmin,15.4191
17,cfr,90.1732
17,coop,124.553
17,coopp,121.439
17,bullyp,189.469
17,bullied,77.0119
17,maxmin,15.6255
18,cfr,91.018
18,coop,124.405
18,coopp,120.585
18,bullyp,189.572
18,bullied,77.608
18,maxmin,15.8613
19,cfr,91.1996
19,coop,125.27
19,coopp,120.974
19,bullyp,189.174
19,bullied,78.0815
19,maxmin,16.1966
20,cfr,95.2139
20,coop,124.298
20,coopp,119.376
20,bullyp,189.761
20,bullied,78.4471
20,maxmin,16.3429
