Round,Generator,Util
1,cfr,75.296
1,coop,91.133
1,coopp,84.8292
1,bullyp,117.292
1,bullied,51.2219
1,maxmin,24.5695
2,cfr,78.1097
2,coop,94.1514
2,coopp,89.3935
2,bullyp,122.19
2,bullied,52.4389
2,maxmin,25.4365
3,cfr,77.0256
3,coop,96.2952
3,coopp,93.6471
3,bullyp,83.0859
3,bullied,52.5547
3,maxmin,24.7674
4,cfr,79.6978
4,coop,100.569
4,coopp,98.7381
4,bullyp,85.2742
4,bullied,53.133
4,maxmin,24.7459
5,cfr,84.6227
5,coop,105.465
5,coopp,104.082
5,bullyp,103.52
5,bullied,54.0438
5,maxmin,25.895
6,cfr,87.6376
6,coop,109.498
6,coopp,108.211
6,bullyp,108.18
6,bullied,53.8758
6,maxmin,25.5427
7,cfr,90.7392
7,coop,112.423
7,coopp,112.097
7,bullyp,121.494
7,bullied,54.7892
7,maxmin,26.6304
8,cfr,88.034
8,coop,112.083
8,coopp,114.304
8,bullyp,87.3396
8,bullied,53.6504
8,maxmin,25.0848
9,cfr,88.3674
9,coop,114.599
9,coopp,116.503
9,bullyp,87.1759
9,bullied,53.2954
9,maxmin,24.4723
10,cfr,91.8374
10,coop,116.247
10,coopp,118.135
10,bullyp,99.1011
10,bullied,54.4752
10,maxmin,25.9087
11,cfr,91.2442
11,coop,117.897
11,coopp,119.024
11,bullyp,98.4871
11,bullied,54.1413
11,maxmin,25.1647
12,cfr,94.5451
12,coop,118.603
12,coopp,119.141
12,bullyp,113.867
12,bullied,55.2725
12,maxmin,26.2873
13,cfr,93.2856
13,coop,119.756
13,coopp,119.441
13,bullyp,114.504
13,bullied,54.8534
13,maxmin,25.5856
14,cfr,96.8007
14,coop,120.119
14,coopp,119.212
14,bullyp,128.296
14,bullied,55.873
14,maxmin,26.6933
15,cfr,93.1715
15,coop,120.333
15,coopp,119.611
15,bullyp,76.2874
15,bullied,53.1905
15,maxmin,24.42
16,cfr,92.7362
16,coop,121.667
16,coopp,120.077
16,bullyp,74.6591
16,bullied,52.9649
16,maxmin,23.7975
17,cfr,96.0549
17,coop,121.232
17,coopp,119.975
17,bullyp,89.4088
17,bullied,54.1589
17,maxmin,25.6439
18,cfr,94.7025
18,coop,121.211
18,coopp,120.073
18,bullyp,87.8231
18,bullied,53.9771
18,maxmin,24.9848
19,cfr,98.1958
19,coop,121.594
19,coopp,120.787
19,bullyp,102.949
19,bullied,55.386
19,maxmin,26.3746
20,cfr,96.5553
20,coop,119.361
20,coopp,118.202
20,bullyp,96.348
20,bullied,55.1266
20,maxmin,25.9039
